variable,count,mean,std,min,25%,50%,75%,max,original
dummy1,1000.0,-0.0005511062440268795,0.010718225761836696,-0.0322438298775793,-0.007804239059251575,-0.00060149869477865,0.00652850843270195,0.0336801241308988,-0.0040842553903459
dummy2,1000.0,0.0004708431879020757,0.010818066927312686,-0.0347616577044291,-0.007074616455286325,0.0005959156541699,0.0074900448228554,0.0381577955415854,0.0112403003562278
x1,1000.0,0.10298219704424523,3.01023311700723,-7.578569573863544,-2.017308314709059,0.140591278017341,2.16198022546315,28.203349888707,28.203349888707
x2,1000.0,0.33583672773370843,8.266167710904512,-29.25991703797396,-5.035659443549592,0.21457842865955706,5.658610430153988,75.05151698256668,75.05151698256668
x3,1000.0,0.014915383700623603,1.9128307627972418,-5.747588963876742,-1.2264944467597862,0.040690307988661745,1.2406944538354507,17.75537698900131,17.75537698900131
